{
  "project_info": {
    "project_number": "25315692631",
    "project_id": "quickexpressbus",
    "storage_bucket": "quickexpressbus.firebasestorage.app"
  },
  "client": [
    {
      "client_info": {
        "mobilesdk_app_id": "1:25315692631:android:91cdd42ab8939b85801312",
        "android_client_info": {
          "package_name": "com.example.bus_tracking_app"
        }
      },
      "oauth_client": [],
      "api_key": [
        {
          "current_key": "AIzaSyBIBuk-k4jorksnksfEvmJWTtXVo2IRttQ"
        }
      ],
      "services": {
        "appinvite_service": {
          "other_platform_oauth_client": []
        }
      }
    }
  ],
  "configuration_version": "1"
}